INSERT INTO account (id,username,email,password_hash) VALUES (1,"adesola","adesola@email.com","password");
INSERT INTO account (id,username,email,password_hash) VALUES (2,"marlen","marlen@email.com","password");
INSERT INTO account (id,username,email,password_hash) VALUES (3,"jutta","jutta@email.com","password");
INSERT INTO account (id,username,email,password_hash) VALUES (4,"lue","lue@email.com","password");
INSERT INTO account (id,username,email,password_hash) VALUES (5,"talesh","talesh@email.com","password");
INSERT INTO account (id,username,email,password_hash) VALUES (6,"greg","greg@email.com","password");
INSERT INTO account (id,username,email,password_hash) VALUES (7,"alser","alser@email.com","password");
INSERT INTO issue(id,title,description,account_id) VALUES (1,"Building a homless shelter","A point-in-time count that was done in Whitehorse on April 17, 2018 found that at least 195 people were experiencing homelessness that night. Of those, 61 people were absolutely homeless while at least 134 were in provisionally accommodated housing. Seventeen of those people were children younger than 18. (https://www.yukon-news.com/opinion/commentary-together-we-can-make-a-difference-when-it-comes-to-poverty-and-homelessness/)",1);
INSERT INTO issue(id,title,description,account_id) VALUES (2,"Fracking in Eagle Plains basins","The Yukon government has effectively put the brakes on any oil and gas development in the territory, by halting the process by which exploration rights are granted in the Kandik and Eagle Plains basins in northern Yukon.  https://www.cbc.ca/news/canada/north/yukon-oil-gas-request-postings-cancelled-1.4417211)",1);
INSERT INTO issue(id,title,description,account_id) VALUES (3,"Cannabis in the Yukon","The government says it plans to eventually allow private retailing, but remember this still has not happened for beer and wine except in limited off-sales outlets.  (https://www.yukon-news.com/opinion/cannabis-special-the-economics-of-weed-in-the-yukon/)",1);
INSERT INTO question(id,text,issue_id) VALUES (1,"Who should run the new homless shelter?",1);
INSERT INTO question(id,text,issue_id) VALUES (2,"What services should a homeless provide?",1);
INSERT INTO question(id,text,issue_id) VALUES (3,"Who should pay for the the new homless shelter?",1);
INSERT INTO question(id,text,issue_id) VALUES (4,"What are the barriers to building the new homeless shelter?",1);
INSERT INTO question(id,text,issue_id) VALUES (5,"Is there a need for a new homeless shelter?",1);
INSERT INTO question(id,text,issue_id) VALUES (6,"Will fracking cause earthquakes?",2);
INSERT INTO question(id,text,issue_id) VALUES (7,"What will be done with fracking waste?",2);
INSERT INTO question(id,text,issue_id) VALUES (8,"Will fracking pollute groundwater?",2);
INSERT INTO question(id,text,issue_id) VALUES (9,"What impact will there be on wildlife?",2);
INSERT INTO question(id,text,issue_id) VALUES (10,"How will fracking affecte Yukon communities?",2);
INSERT INTO question(id,text,issue_id) VALUES (11,"Where can I use cannabis?",3);
INSERT INTO question(id,text,issue_id) VALUES (12,"Can I grow pot?",3);
INSERT INTO question(id,text,issue_id) VALUES (13,"How much pot can I have?",3);
INSERT INTO question(id,text,issue_id) VALUES (14,"Is my medical use card still valid",3);
INSERT INTO `option` (id,text,question_id) VALUES (1,"YG Health and social services",1);
INSERT INTO `option` (id,text,question_id) VALUES (2,"Salvation Army",1);
INSERT INTO `option` (id,text,question_id) VALUES (3,"A new Non-profit",1);
INSERT INTO `option` (id,text,question_id) VALUES (4,"Beds, meals and showers",2);
INSERT INTO `option` (id,text,question_id) VALUES (5,"Secure storage, laundry services, food and shelter",2);
INSERT INTO `option` (id,text,question_id) VALUES (6,"Health and wellness services",2);
INSERT INTO `option` (id,text,question_id) VALUES (7,"Private and public sector",3);
INSERT INTO `option` (id,text,question_id) VALUES (8,"Municipal, territorial and federal funds",3);
INSERT INTO `option` (id,text,question_id) VALUES (9,"Non-profits and charitable organisations",3);
INSERT INTO `option` (id,text,question_id) VALUES (10,"Funding and a suitable building site that ",4);
INSERT INTO `option` (id,text,question_id) VALUES (11,"Public apathy and lack of government initiative",4);
INSERT INTO `option` (id,text,question_id) VALUES (12,"The issue has not hit ""crisis mode""",4);
INSERT INTO `option` (id,text,question_id) VALUES (13,"Yes, the current services do not meet the needs of the homeless community.",5);
INSERT INTO `option` (id,text,question_id) VALUES (14,"No, the current setup is just fine",5);
INSERT INTO `option` (id,text,question_id) VALUES (15,"Not Sure.  Let's have a charrette…",5);
INSERT INTO `option` (id,text,question_id) VALUES (16,"Yes, it has happened in other jurisdictions and it will happen here!",6);
INSERT INTO `option` (id,text,question_id) VALUES (17,"No, that’s silly…",6);
INSERT INTO `option` (id,text,question_id) VALUES (18,"I'm not sure, I would like to learn more about it.",6);
INSERT INTO `option` (id,text,question_id) VALUES (19,"It will be cleaned, reused and if disposed of, it will be done correctly",7);
INSERT INTO `option` (id,text,question_id) VALUES (20,"It will be dumped, and that scares me…",7);
INSERT INTO `option` (id,text,question_id) VALUES (21,"I hope it will not affect the environment, will it?",7);
INSERT INTO `option` (id,text,question_id) VALUES (22,"Only time will tell",8);
INSERT INTO `option` (id,text,question_id) VALUES (23,"No",8);
INSERT INTO `option` (id,text,question_id) VALUES (24,"Yes",8);
INSERT INTO `option` (id,text,question_id) VALUES (25,"None, both can co-exist",9);
INSERT INTO `option` (id,text,question_id) VALUES (26,"Yes, but the wildlife is adaptable",9);
INSERT INTO `option` (id,text,question_id) VALUES (27,"Not sure.  Let's have a charrette…",9);
INSERT INTO `option` (id,text,question_id) VALUES (28,"It will create local business and employment opportunities",10);
INSERT INTO `option` (id,text,question_id) VALUES (29,"How will fracking affecte Yukon communities?",10);
INSERT INTO `option` (id,text,question_id) VALUES (30,"How will fracking affecte Yukon communities?",10);
INSERT INTO `option` (id,text,question_id) VALUES (31,"Cannabis consumption is legal within the confines of your private residence (house and yard), unless you use your home to run a daycare or preschool. ",11);
INSERT INTO `option` (id,text,question_id) VALUES (32,"If you’re caught consuming in public, a law enforcement officer will either give you a warning, seize the cannabis or issue a ticket.",11);
INSERT INTO `option` (id,text,question_id) VALUES (33,"Landlords can prohibit smoking or vaping and growing of cannabis plants within rental properties. Tenancy agreements that include no smoking will be interpreted to include no smoking of cannabis. ",11);
INSERT INTO `option` (id,text,question_id) VALUES (34,"Landlords and tenants should work together to clarify rental agreements and put what’s agreed to in writing. Questions? Email: rto@gov.yk.ca.",11);
INSERT INTO `option` (id,text,question_id) VALUES (35,"Yukoners can grow their own cannabis for personal use. Your house – regardless of how many people live there – can grow up to 4 plants. There is no restriction on the size of plant.  Adults are responsible for keeping kids safe from plants and their products.",12);
INSERT INTO `option` (id,text,question_id) VALUES (36,"Your house – regardless of how many people live there – can grow up to 4 plants. There is no restriction on the size of plant.  Adults are responsible for keeping kids safe from plants and their products.",12);
INSERT INTO `option` (id,text,question_id) VALUES (37," Adults are responsible for keeping kids safe from plants and their products.",12);
INSERT INTO `option` (id,text,question_id) VALUES (38,"Adults 19 and older can purchase up to 30 grams of dried cannabis (or its equivalent) per transaction and can possess no more than this amount in public.  ",13);
INSERT INTO `option` (id,text,question_id) VALUES (39,"Adults 19 and older can purchase up to 50 grams of fresh cannabis; 2,100 grams of liquid (e.g., oil) product; or 30 cannabis plant seeds. ",13);
INSERT INTO `option` (id,text,question_id) VALUES (40,"If you possess more than 30 grams of dried cannabis (or its equivalent) in public, law enforcement officers could ticket you or you could face criminal charges.  There is no limit to how much cannabis you can keep at home.",13);
INSERT INTO `option` (id,text,question_id) VALUES (41,"Rules for medical cannabis come from the Government of Canada. Find out more about accessing cannabis for medical purposes.",14);
INSERT INTO task (id, issue_id, account_id, text, date_created, due_date) VALUES ( 1, 1, 1, "Establish multi-stakeholder process, work plan and deliverables", NOW(), DATE_ADD(NOW(),INTERVAL 7 DAY));
INSERT INTO task (id, issue_id, account_id, text, date_created, due_date) VALUES ( 2, 1, 1, "Implement a program evaluation framework that supports system planning and investment strategy ", NOW(), DATE_ADD(NOW(),INTERVAL 7 DAY));
INSERT INTO task (id, issue_id, account_id, text, date_created, due_date) VALUES ( 3, 1, 1, "Work with shelters, Justice and Solicitor General, and Housing programs to develop corrections discharge planning and protocols ", NOW(), DATE_ADD(NOW(),INTERVAL 7 DAY));
INSERT INTO task (id, issue_id, account_id, text, date_created, due_date) VALUES ( 4, 1, 1, "Build or repurpose a facility tat fill the needs of the community", NOW(), DATE_ADD(NOW(),INTERVAL 7 DAY));
INSERT INTO task (id, issue_id, account_id, text, date_created, due_date) VALUES ( 5, 1, 1, "Opening of a community shelter that will house and support 100 chronic or episodically homeless individuals", NOW(), DATE_ADD(NOW(),INTERVAL 7 DAY));
INSERT INTO response (id, question_id, option_id ) VALUES (0, 1, 1);
INSERT INTO response (id, question_id, option_id ) VALUES (1, 1, 7);
INSERT INTO response (id, question_id, option_id ) VALUES (2, 3, 7);
INSERT INTO response (id, question_id, option_id ) VALUES (3, 1, 8);
INSERT INTO response (id, question_id, option_id ) VALUES (4, 3, 5);
INSERT INTO response (id, question_id, option_id ) VALUES (5, 5, 3);
INSERT INTO response (id, question_id, option_id ) VALUES (6, 1, 14);
INSERT INTO response (id, question_id, option_id ) VALUES (7, 4, 15);
INSERT INTO response (id, question_id, option_id ) VALUES (8, 2, 5);
INSERT INTO response (id, question_id, option_id ) VALUES (9, 4, 1);
INSERT INTO response (id, question_id, option_id ) VALUES (10, 3, 6);
INSERT INTO response (id, question_id, option_id ) VALUES (11, 2, 10);
INSERT INTO response (id, question_id, option_id ) VALUES (12, 3, 8);
INSERT INTO response (id, question_id, option_id ) VALUES (13, 3, 3);
INSERT INTO response (id, question_id, option_id ) VALUES (14, 5, 15);
INSERT INTO response (id, question_id, option_id ) VALUES (15, 1, 5);
INSERT INTO response (id, question_id, option_id ) VALUES (16, 2, 6);
INSERT INTO response (id, question_id, option_id ) VALUES (17, 4, 1);
INSERT INTO response (id, question_id, option_id ) VALUES (18, 3, 2);
INSERT INTO response (id, question_id, option_id ) VALUES (19, 2, 4);
INSERT INTO response (id, question_id, option_id ) VALUES (20, 2, 6);
INSERT INTO response (id, question_id, option_id ) VALUES (21, 2, 15);
INSERT INTO response (id, question_id, option_id ) VALUES (22, 3, 12);
INSERT INTO response (id, question_id, option_id ) VALUES (23, 4, 9);
INSERT INTO response (id, question_id, option_id ) VALUES (24, 4, 1);
INSERT INTO response (id, question_id, option_id ) VALUES (25, 2, 3);
INSERT INTO response (id, question_id, option_id ) VALUES (26, 1, 6);
INSERT INTO response (id, question_id, option_id ) VALUES (27, 1, 11);
INSERT INTO response (id, question_id, option_id ) VALUES (28, 3, 8);
INSERT INTO response (id, question_id, option_id ) VALUES (29, 5, 5);
INSERT INTO response (id, question_id, option_id ) VALUES (30, 1, 10);
INSERT INTO response (id, question_id, option_id ) VALUES (31, 2, 9);
INSERT INTO response (id, question_id, option_id ) VALUES (32, 2, 15);
INSERT INTO response (id, question_id, option_id ) VALUES (33, 4, 11);
INSERT INTO response (id, question_id, option_id ) VALUES (34, 1, 5);
INSERT INTO response (id, question_id, option_id ) VALUES (35, 3, 7);
INSERT INTO response (id, question_id, option_id ) VALUES (36, 5, 6);
INSERT INTO response (id, question_id, option_id ) VALUES (37, 5, 1);
INSERT INTO response (id, question_id, option_id ) VALUES (38, 4, 11);
INSERT INTO response (id, question_id, option_id ) VALUES (39, 2, 5);
INSERT INTO response (id, question_id, option_id ) VALUES (40, 3, 1);
INSERT INTO response (id, question_id, option_id ) VALUES (41, 1, 4);
INSERT INTO response (id, question_id, option_id ) VALUES (42, 5, 14);
INSERT INTO response (id, question_id, option_id ) VALUES (43, 3, 6);
INSERT INTO response (id, question_id, option_id ) VALUES (44, 1, 4);
INSERT INTO response (id, question_id, option_id ) VALUES (45, 1, 10);
INSERT INTO response (id, question_id, option_id ) VALUES (46, 5, 14);
INSERT INTO response (id, question_id, option_id ) VALUES (47, 5, 4);
INSERT INTO response (id, question_id, option_id ) VALUES (48, 1, 7);
INSERT INTO response (id, question_id, option_id ) VALUES (49, 5, 6);
INSERT INTO response (id, question_id, option_id ) VALUES (50, 2, 12);
INSERT INTO response (id, question_id, option_id ) VALUES (51, 2, 8);
INSERT INTO response (id, question_id, option_id ) VALUES (52, 5, 5);
INSERT INTO response (id, question_id, option_id ) VALUES (53, 5, 15);
INSERT INTO response (id, question_id, option_id ) VALUES (54, 2, 3);
INSERT INTO response (id, question_id, option_id ) VALUES (55, 1, 5);
INSERT INTO response (id, question_id, option_id ) VALUES (56, 4, 6);
INSERT INTO response (id, question_id, option_id ) VALUES (57, 3, 11);
INSERT INTO response (id, question_id, option_id ) VALUES (58, 4, 8);
INSERT INTO response (id, question_id, option_id ) VALUES (59, 4, 9);
INSERT INTO response (id, question_id, option_id ) VALUES (60, 5, 12);
INSERT INTO response (id, question_id, option_id ) VALUES (61, 1, 3);
INSERT INTO response (id, question_id, option_id ) VALUES (62, 1, 7);
INSERT INTO response (id, question_id, option_id ) VALUES (63, 3, 9);
INSERT INTO response (id, question_id, option_id ) VALUES (64, 4, 6);
INSERT INTO response (id, question_id, option_id ) VALUES (65, 2, 11);
INSERT INTO response (id, question_id, option_id ) VALUES (66, 5, 13);
INSERT INTO response (id, question_id, option_id ) VALUES (67, 5, 3);
INSERT INTO response (id, question_id, option_id ) VALUES (68, 1, 14);
INSERT INTO response (id, question_id, option_id ) VALUES (69, 4, 10);
INSERT INTO response (id, question_id, option_id ) VALUES (70, 2, 15);
INSERT INTO response (id, question_id, option_id ) VALUES (71, 3, 3);
INSERT INTO response (id, question_id, option_id ) VALUES (72, 4, 7);
INSERT INTO response (id, question_id, option_id ) VALUES (73, 2, 10);
INSERT INTO response (id, question_id, option_id ) VALUES (74, 2, 6);
INSERT INTO response (id, question_id, option_id ) VALUES (75, 3, 2);
INSERT INTO response (id, question_id, option_id ) VALUES (76, 3, 14);
INSERT INTO response (id, question_id, option_id ) VALUES (77, 3, 3);
INSERT INTO response (id, question_id, option_id ) VALUES (78, 2, 15);
INSERT INTO response (id, question_id, option_id ) VALUES (79, 2, 7);
INSERT INTO response (id, question_id, option_id ) VALUES (80, 2, 15);
INSERT INTO response (id, question_id, option_id ) VALUES (81, 4, 12);
INSERT INTO response (id, question_id, option_id ) VALUES (82, 4, 12);
INSERT INTO response (id, question_id, option_id ) VALUES (83, 3, 7);
INSERT INTO response (id, question_id, option_id ) VALUES (84, 5, 6);
INSERT INTO response (id, question_id, option_id ) VALUES (85, 2, 9);
INSERT INTO response (id, question_id, option_id ) VALUES (86, 3, 12);
INSERT INTO response (id, question_id, option_id ) VALUES (87, 3, 13);
INSERT INTO response (id, question_id, option_id ) VALUES (88, 3, 13);
INSERT INTO response (id, question_id, option_id ) VALUES (89, 5, 15);
INSERT INTO response (id, question_id, option_id ) VALUES (90, 4, 12);
INSERT INTO response (id, question_id, option_id ) VALUES (91, 3, 5);
INSERT INTO response (id, question_id, option_id ) VALUES (92, 2, 4);
INSERT INTO response (id, question_id, option_id ) VALUES (93, 1, 7);
INSERT INTO response (id, question_id, option_id ) VALUES (94, 3, 10);
INSERT INTO response (id, question_id, option_id ) VALUES (95, 3, 1);
INSERT INTO response (id, question_id, option_id ) VALUES (96, 2, 9);
INSERT INTO response (id, question_id, option_id ) VALUES (97, 1, 15);
INSERT INTO response (id, question_id, option_id ) VALUES (98, 1, 14);
INSERT INTO response (id, question_id, option_id ) VALUES (99, 1, 2);
INSERT INTO response (id, question_id, option_id ) VALUES (100, 4, 1);
INSERT INTO response (id, question_id, option_id ) VALUES (101, 2, 4);
INSERT INTO response (id, question_id, option_id ) VALUES (102, 1, 5);
INSERT INTO response (id, question_id, option_id ) VALUES (103, 3, 12);
INSERT INTO response (id, question_id, option_id ) VALUES (104, 1, 2);
INSERT INTO response (id, question_id, option_id ) VALUES (105, 1, 13);
INSERT INTO response (id, question_id, option_id ) VALUES (106, 1, 8);
INSERT INTO response (id, question_id, option_id ) VALUES (107, 1, 5);
INSERT INTO response (id, question_id, option_id ) VALUES (108, 3, 13);
INSERT INTO response (id, question_id, option_id ) VALUES (109, 4, 2);
INSERT INTO response (id, question_id, option_id ) VALUES (110, 5, 4);
INSERT INTO response (id, question_id, option_id ) VALUES (111, 5, 5);
INSERT INTO response (id, question_id, option_id ) VALUES (112, 1, 14);
INSERT INTO response (id, question_id, option_id ) VALUES (113, 1, 7);
INSERT INTO response (id, question_id, option_id ) VALUES (114, 5, 3);
INSERT INTO response (id, question_id, option_id ) VALUES (115, 1, 3);
INSERT INTO response (id, question_id, option_id ) VALUES (116, 1, 11);
INSERT INTO response (id, question_id, option_id ) VALUES (117, 2, 7);
INSERT INTO response (id, question_id, option_id ) VALUES (118, 4, 14);
INSERT INTO response (id, question_id, option_id ) VALUES (119, 4, 3);
INSERT INTO response (id, question_id, option_id ) VALUES (120, 3, 7);
INSERT INTO response (id, question_id, option_id ) VALUES (121, 3, 1);
INSERT INTO response (id, question_id, option_id ) VALUES (122, 5, 5);
INSERT INTO response (id, question_id, option_id ) VALUES (123, 5, 12);
INSERT INTO response (id, question_id, option_id ) VALUES (124, 1, 14);
INSERT INTO response (id, question_id, option_id ) VALUES (125, 1, 12);
INSERT INTO response (id, question_id, option_id ) VALUES (126, 2, 10);
INSERT INTO response (id, question_id, option_id ) VALUES (127, 1, 4);
INSERT INTO response (id, question_id, option_id ) VALUES (128, 2, 1);
INSERT INTO response (id, question_id, option_id ) VALUES (129, 5, 3);
INSERT INTO response (id, question_id, option_id ) VALUES (130, 4, 3);
INSERT INTO response (id, question_id, option_id ) VALUES (131, 2, 15);
INSERT INTO response (id, question_id, option_id ) VALUES (132, 5, 14);
INSERT INTO response (id, question_id, option_id ) VALUES (133, 3, 7);
INSERT INTO response (id, question_id, option_id ) VALUES (134, 5, 4);
INSERT INTO response (id, question_id, option_id ) VALUES (135, 5, 14);
INSERT INTO response (id, question_id, option_id ) VALUES (136, 1, 13);
INSERT INTO response (id, question_id, option_id ) VALUES (137, 5, 6);
INSERT INTO response (id, question_id, option_id ) VALUES (138, 3, 3);
INSERT INTO response (id, question_id, option_id ) VALUES (139, 1, 9);
INSERT INTO response (id, question_id, option_id ) VALUES (140, 2, 13);
INSERT INTO response (id, question_id, option_id ) VALUES (141, 5, 13);
INSERT INTO response (id, question_id, option_id ) VALUES (142, 3, 14);
INSERT INTO response (id, question_id, option_id ) VALUES (143, 1, 1);
INSERT INTO response (id, question_id, option_id ) VALUES (144, 2, 11);
INSERT INTO response (id, question_id, option_id ) VALUES (145, 1, 12);
INSERT INTO response (id, question_id, option_id ) VALUES (146, 4, 11);
INSERT INTO response (id, question_id, option_id ) VALUES (147, 5, 13);
INSERT INTO response (id, question_id, option_id ) VALUES (148, 3, 6);
INSERT INTO response (id, question_id, option_id ) VALUES (149, 4, 6);
